gene,pre_adipo,adipo,other,lipo,lipo_adipo
ZBTB20,0.4088514225500527,0.1896733403582718,0.4014752370916754,0.0379346680716543,0.2
FOXC1,0.4013605442176871,0.2755102040816326,0.3231292517006803,0.0736961451247165,0.2674897119341564
SOX6,0.4180645161290323,0.2380645161290322,0.3438709677419355,0.0735483870967741,0.3089430894308943
CHD4,0.3063063063063063,0.3261261261261261,0.3675675675675676,0.0648648648648648,0.1988950276243094
TRIM5,0.3493013972055888,0.3093812375249501,0.3413173652694611,0.1177644710578842,0.3806451612903225
